state,x,y
Jammu and Kashmir,-110,295
Ladakh,-45,280
Himachal Pradesh,-121,242
Punjab,-155,211
Uttarakhand,-72,199
Haryana,-146,174
Delhi,-75,138
Rajasthan,-199,127
Uttar Pradesh,-41,116
Bihar,42,108
Sikkim,105,100
West Bengal,85,52
Jharkhand,32,60
Odisha,18,-8
Chhattisgarh,-27,4
Madhya Pradesh,-141,56
Gujarat,-242,65
Maharashtra,-178,-20
Goa,-136,-102
Karnataka,-178,-131
Telangana,-101,-65
Andhra Pradesh,-106,-118
Tamil Nadu,-107,-220
Kerala,-180,-225
Assam,176,119
Arunachal Pradesh,207,155
Nagaland,235,65
Manipur,225,25
Mizoram,205,-5
Tripura,180,10
Meghalaya,165,50